Task,Status,Priority,Description
Setup Python Environment,⚪,High,Install Python 3.8+ and create virtual environment
Install Dependencies,⚪,High,Run: pip install -r requirements.txt
Configure Firebase,⚪,High,Setup Firebase project and download service account key
Set Environment Variables,⚪,High,Copy .env.template to .env and configure
Initialize Database,⚪,High,SQLite database will be created automatically
Test API Endpoints,⚪,Medium,Run test_api.py or use Postman collection
Configure Web Server,⚪,Medium,Setup Nginx/Apache for production
Enable HTTPS,⚪,High,Configure SSL certificates for production
Setup Monitoring,⚪,Low,Add logging and monitoring services
User Authentication,⚪,Medium,Add admin login for dashboard access
